product_id,product_name,category,subcategory,revenue,gross_profit,units,orders
P0011,Computing 03,Electronics,Computing,61658.07,15659.38,330,249
P0004,Audio 04,Electronics,Audio,59689.08,22218.18,295,225
P0001,Audio 01,Electronics,Audio,58707.61,29906.65,304,244
P0014,Computing 06,Electronics,Computing,57906.63,23187.66,314,239
P0020,Accessories 04,Electronics,Accessories,55689.23,23617.63,296,232
P0008,Audio 08,Electronics,Audio,54515.72,23142.73,323,257
P0006,Audio 06,Electronics,Audio,53514.4,17472.61,311,246
P0023,Accessories 07,Electronics,Accessories,50868.7,25887.03,341,268
P0009,Computing 01,Electronics,Computing,49818.62,22430.07,343,272
P0012,Computing 04,Electronics,Computing,49675.36,22194.7,296,232
P0021,Accessories 05,Electronics,Accessories,49224.76,12498.36,320,250
P0002,Audio 02,Electronics,Audio,47307.4,13660.49,323,255
P0018,Accessories 02,Electronics,Accessories,46618.61,20859.32,343,269
P0024,Accessories 08,Electronics,Accessories,45188.75,10952.5,305,242
P0015,Computing 07,Electronics,Computing,44696.81,13247.77,356,269
P0013,Computing 05,Electronics,Computing,43078.83,18354.33,318,252
P0019,Accessories 03,Electronics,Accessories,41378.11,20602.59,328,265
P0022,Accessories 06,Electronics,Accessories,40891.23,14588.31,346,256
P0016,Computing 08,Electronics,Computing,38861.02,10340.91,315,241
P0007,Audio 07,Electronics,Audio,35565.9,14978.48,307,241
P0010,Computing 02,Electronics,Computing,35487.63,18272.4,321,252
P0107,Outdoor 03,Sports,Outdoor,31430.66,10557.25,380,279
P0030,Kitchen 06,Home,Kitchen,31266.88,10963.58,382,283
P0035,Decor 03,Home,Decor,29722.75,13353.77,354,266
P0104,Fitness 08,Sports,Fitness,29707.98,7386.96,322,247
P0040,Decor 08,Home,Decor,29197.05,11571.87,334,254
P0097,Fitness 01,Sports,Fitness,28028.86,8093.76,311,245
P0005,Audio 05,Electronics,Audio,27700.69,13870.4,330,261
P0044,Storage 04,Home,Storage,27530.17,15056.21,317,246
P0017,Accessories 01,Electronics,Accessories,27346.83,12502.35,329,261
P0098,Fitness 02,Sports,Fitness,27036.52,10383.32,316,233
P0026,Kitchen 02,Home,Kitchen,26392.75,11870.55,308,246
P0039,Decor 07,Home,Decor,26286.58,8106.26,296,236
P0032,Kitchen 08,Home,Kitchen,26035.57,13011.16,327,251
P0100,Fitness 04,Sports,Fitness,25934.75,11057.4,335,258
P0046,Storage 06,Home,Storage,25543.11,6314.51,316,246
P0103,Fitness 07,Sports,Fitness,25105.66,8105.83,369,282
P0114,Team Sports 02,Sports,Team Sports,24945.84,13083.04,376,272
P0047,Storage 07,Home,Storage,24730.09,12991.18,309,229
P0065,Footwear 01,Apparel,Footwear,24243.07,9670.57,335,268
P0108,Outdoor 04,Sports,Outdoor,24038.06,11312.74,316,242
P0117,Team Sports 05,Sports,Team Sports,23732.49,7373.01,348,257
P0116,Team Sports 04,Sports,Team Sports,23391.29,9585.19,326,257
P0062,Womenswear 06,Apparel,Womenswear,22497.08,6821.54,309,236
P0068,Footwear 04,Apparel,Footwear,21827.24,7289.72,331,251
P0109,Outdoor 05,Sports,Outdoor,21820.16,8886.8,276,218
P0054,Menswear 06,Apparel,Menswear,21647.05,6812.36,318,246
P0050,Menswear 02,Apparel,Menswear,21465.68,7535.53,328,258
P0003,Audio 03,Electronics,Audio,21420.21,10294.4,299,236
P0111,Outdoor 07,Sports,Outdoor,20945.03,10849.18,304,241
P0025,Kitchen 01,Home,Kitchen,20830.84,6779.32,328,255
P0070,Footwear 06,Apparel,Footwear,20620.21,10380.31,319,260
P0083,Fragrance 03,Beauty,Fragrance,20469.98,8747.85,355,275
P0059,Womenswear 03,Apparel,Womenswear,20207.29,6458.06,296,231
P0031,Kitchen 07,Home,Kitchen,18429.4,5120.71,308,232
P0064,Womenswear 08,Apparel,Womenswear,18425.11,9744.6,316,249
P0090,Wellness 02,Beauty,Wellness,18177.02,9838.69,343,251
P0069,Footwear 05,Apparel,Footwear,18086.94,6649.5,336,251
P0028,Kitchen 04,Home,Kitchen,17550.85,9117.49,318,252
P0048,Storage 08,Home,Storage,17303.43,8115.08,334,254
P0033,Decor 01,Home,Decor,17267.66,4877.66,354,275
P0049,Menswear 01,Apparel,Menswear,16841.63,8624.91,271,221
P0096,Wellness 08,Beauty,Wellness,16812.86,4524.48,313,231
P0051,Menswear 03,Apparel,Menswear,16776.57,9062.14,324,256
P0086,Fragrance 06,Beauty,Fragrance,16755.4,7487.44,329,250
P0042,Storage 02,Home,Storage,16476.19,4404.24,356,274
P0094,Wellness 06,Beauty,Wellness,16314.52,5716.7,334,260
P0118,Team Sports 06,Sports,Team Sports,16258.27,5728.95,313,238
P0091,Wellness 03,Beauty,Wellness,16196.95,7209.19,292,227
P0052,Menswear 04,Apparel,Menswear,15830.79,5135.05,325,249
P0106,Outdoor 02,Sports,Outdoor,15765.61,7430.82,335,265
P0115,Team Sports 03,Sports,Team Sports,15592.07,5765.13,343,263
P0099,Fitness 03,Sports,Fitness,15563.05,7520.33,344,270
P0056,Menswear 08,Apparel,Menswear,15476.4,5477.84,304,242
P0029,Kitchen 05,Home,Kitchen,15350.3,4923.79,315,246
P0077,Skincare 05,Beauty,Skincare,14686.89,7369.21,328,248
P0027,Kitchen 03,Home,Kitchen,14465.73,5390.1,353,271
P0072,Footwear 08,Apparel,Footwear,14295.36,6266.0,334,246
P0036,Decor 04,Home,Decor,14212.47,3823.68,327,242
P0082,Fragrance 02,Beauty,Fragrance,14182.39,4560.48,308,235
P0088,Fragrance 08,Beauty,Fragrance,13869.24,6857.39,384,281
P0037,Decor 05,Home,Decor,13504.04,5506.6,352,271
P0055,Menswear 07,Apparel,Menswear,13241.5,4336.46,314,247
P0084,Fragrance 04,Beauty,Fragrance,13095.43,6530.95,312,237
P0119,Team Sports 07,Sports,Team Sports,12969.5,6678.54,299,240
P0071,Footwear 07,Apparel,Footwear,12941.97,6173.79,342,264
P0066,Footwear 02,Apparel,Footwear,12426.3,5774.85,351,264
P0038,Decor 06,Home,Decor,12351.27,4442.62,305,239
P0057,Womenswear 01,Apparel,Womenswear,12334.31,6279.1,269,212
P0067,Footwear 03,Apparel,Footwear,12183.65,4990.48,318,239
P0061,Womenswear 05,Apparel,Womenswear,12107.61,5371.85,269,219
P0089,Wellness 01,Beauty,Wellness,12018.92,5926.04,318,244
P0034,Decor 02,Home,Decor,12013.26,3172.56,330,260
P0112,Outdoor 08,Sports,Outdoor,11990.71,3469.58,283,217
P0081,Fragrance 01,Beauty,Fragrance,11895.47,5595.05,294,233
P0075,Skincare 03,Beauty,Skincare,11751.03,4838.74,329,254
P0053,Menswear 05,Apparel,Menswear,11728.13,4996.13,306,240
P0079,Skincare 07,Beauty,Skincare,11507.2,6201.02,271,217
P0102,Fitness 06,Sports,Fitness,11227.09,4284.97,332,257
P0095,Wellness 07,Beauty,Wellness,11136.21,4559.33,359,280
P0043,Storage 03,Home,Storage,10965.68,4435.53,312,231
P0120,Team Sports 08,Sports,Team Sports,10763.31,5223.58,310,244
P0101,Fitness 05,Sports,Fitness,10704.42,4853.82,294,224
P0105,Outdoor 01,Sports,Outdoor,10674.7,4019.75,324,244
P0113,Team Sports 01,Sports,Team Sports,10422.01,2858.49,311,245
P0063,Womenswear 07,Apparel,Womenswear,10304.75,5367.8,304,244
P0085,Fragrance 05,Beauty,Fragrance,9886.0,4930.8,326,255
P0041,Storage 01,Home,Storage,9496.16,3510.16,292,234
P0110,Outdoor 06,Sports,Outdoor,9394.06,3405.97,296,229
P0092,Wellness 04,Beauty,Wellness,9334.14,4463.3,323,245
P0087,Fragrance 07,Beauty,Fragrance,9216.79,2616.91,291,228
P0058,Womenswear 02,Apparel,Womenswear,8992.75,4167.71,301,232
P0078,Skincare 06,Beauty,Skincare,8889.01,3833.6,314,238
P0076,Skincare 04,Beauty,Skincare,8625.25,2786.44,303,245
P0073,Skincare 01,Beauty,Skincare,8616.85,2242.36,305,238
P0045,Storage 05,Home,Storage,8545.16,2909.81,315,252
P0093,Wellness 05,Beauty,Wellness,8408.35,2621.05,303,240
P0060,Womenswear 04,Apparel,Womenswear,7990.35,3940.49,285,230
P0080,Skincare 08,Beauty,Skincare,7094.66,3221.52,285,220
P0074,Skincare 02,Beauty,Skincare,6412.37,2272.61,282,231
